filename,compressor,level,orig_size,enc_size,ratio_percent,enc_time,dec_time
datasets/enwik/enwik8,lazy,1,100000000,37106117,37.106117,2.0482776259999866,1.028071529000016
AVERAGE,lazy,1,100000000.0,37106117.0,37.106117,2.0482776259999866,1.028071529000016
datasets/enwik/enwik8,lazy,2,100000000,36397595,36.397595,2.086329419000009,1.059696960999986
AVERAGE,lazy,2,100000000.0,36397595.0,36.397595,2.086329419000009,1.059696960999986
datasets/enwik/enwik8,lazy,3,100000000,34801325,34.801325,2.714679490000009,1.1539025959999663
AVERAGE,lazy,3,100000000.0,34801325.0,34.801325,2.714679490000009,1.1539025959999663
datasets/enwik/enwik8,lazy,4,100000000,35718764,35.718764,2.7287628489999634,2.5554181009999866
AVERAGE,lazy,4,100000000.0,35718764.0,35.718764,2.7287628489999634,2.5554181009999866
datasets/enwik/enwik8,lazy,5,100000000,34181624,34.181624,2.9297805070000322,2.298381405999976
AVERAGE,lazy,5,100000000.0,34181624.0,34.181624,2.9297805070000322,2.298381405999976
datasets/enwik/enwik8,lazy,6,100000000,33659096,33.659096,3.3554499279999845,2.368036931000006
AVERAGE,lazy,6,100000000.0,33659096.0,33.659096,3.3554499279999845,2.368036931000006
datasets/enwik/enwik8,lazy,7,100000000,33392392,33.392392,4.023386942999991,2.4533380529999818
AVERAGE,lazy,7,100000000.0,33392392.0,33.392392,4.023386942999991,2.4533380529999818
datasets/enwik/enwik8,lazy,8,100000000,33053664,33.053664,17.022197828000003,2.2549078099999633
AVERAGE,lazy,8,100000000.0,33053664.0,33.053664,17.022197828000003,2.2549078099999633
datasets/enwik/enwik8,lazy,9,100000000,32922564,32.922564,30.024498008000023,2.248590104000016
AVERAGE,lazy,9,100000000.0,32922564.0,32.922564,30.024498008000023,2.248590104000016
datasets/enwik/enwik8,lazy,10,100000000,32670696,32.670696,40.021603217000006,2.411483895999993
AVERAGE,lazy,10,100000000.0,32670696.0,32.670696,40.021603217000006,2.411483895999993
datasets/enwik/enwik8,lazy,11,100000000,31162584,31.162584,88.03679001500001,2.1381622959999618
AVERAGE,lazy,11,100000000.0,31162584.0,31.162584,88.03679001500001,2.1381622959999618
datasets/enwik/enwik8,lazy,12,100000000,30462868,30.462868,181.04763071199994,2.0509188600000243
AVERAGE,lazy,12,100000000.0,30462868.0,30.462868,181.04763071199994,2.0509188600000243
datasets/enwik/enwik8,lazy,13,100000000,29757398,29.757398000000002,411.072113726,2.046363143999997
AVERAGE,lazy,13,100000000.0,29757398.0,29.757398000000002,411.072113726,2.046363143999997
datasets/enwik/enwik8,lazy,14,100000000,29084403,29.084403,885.2753256229998,1.9942461630000707
AVERAGE,lazy,14,100000000.0,29084403.0,29.084403,885.2753256229998,1.9942461630000707
datasets/enwik/enwik8,lazy,15,100000000,28614990,28.614990000000002,1543.5646788919998,2.04522602499992
AVERAGE,lazy,15,100000000.0,28614990.0,28.614990000000002,1543.5646788919998,2.04522602499992
datasets/enwik/enwik8,lazy,16,100000000,30764812,30.764812000000003,401.0586566009997,2.15430603599998
AVERAGE,lazy,16,100000000.0,30764812.0,30.764812000000003,401.0586566009997,2.15430603599998
datasets/enwik/enwik8,lazy,17,100000000,30067712,30.067712,478.07045929300057,2.0354064399998606
AVERAGE,lazy,17,100000000.0,30067712.0,30.067712,478.07045929300057,2.0354064399998606
datasets/enwik/enwik8,lazy,18,100000000,29362100,29.3621,740.0979179249998,2.1267075300002034
AVERAGE,lazy,18,100000000.0,29362100.0,29.3621,740.0979179249998,2.1267075300002034
datasets/enwik/enwik8,lazy,19,100000000,28674478,28.674477999999997,1552.0503845120002,2.0707090590003645
AVERAGE,lazy,19,100000000.0,28674478.0,28.674477999999997,1552.0503845120002,2.0707090590003645
datasets/enwik/enwik8,lazy,20,100000000,27971545,27.971545,2841.0159020560004,2.1194718329988973
AVERAGE,lazy,20,100000000.0,27971545.0,27.971545,2841.0159020560004,2.1194718329988973
datasets/enwik/enwik8,gzip,1,100000000,42255781,42.255781,0.14042971399976523,0.27129649199923733
AVERAGE,gzip,1,100000000.0,42255781.0,42.255781,0.14042971399976523,0.27129649199923733
datasets/enwik/enwik8,gzip,2,100000000,40696287,40.696287,0.10923798099975102,0.2618363989986392
AVERAGE,gzip,2,100000000.0,40696287.0,40.696287,0.10923798099975102,0.2618363989986392
datasets/enwik/enwik8,gzip,3,100000000,39470004,39.470003999999996,0.13296703599917237,0.2594035250003799
AVERAGE,gzip,3,100000000.0,39470004.0,39.470003999999996,0.13296703599917237,0.2594035250003799
datasets/enwik/enwik8,gzip,4,100000000,38002047,38.002047,0.14242786999966484,0.2641642350008624
AVERAGE,gzip,4,100000000.0,38002047.0,38.002047,0.14242786999966484,0.2641642350008624
datasets/enwik/enwik8,gzip,5,100000000,36892972,36.892972,0.19895198100130074,0.2622446659988782
AVERAGE,gzip,5,100000000.0,36892972.0,36.892972,0.19895198100130074,0.2622446659988782
datasets/enwik/enwik8,gzip,6,100000000,36562892,36.562892000000005,0.2815395859997807,0.2708170709993283
AVERAGE,gzip,6,100000000.0,36562892.0,36.562892000000005,0.2815395859997807,0.2708170709993283
datasets/enwik/enwik8,gzip,7,100000000,36512713,36.512713000000005,0.3142250669989153,0.26537062199895445
AVERAGE,gzip,7,100000000.0,36512713.0,36.512713000000005,0.3142250669989153,0.26537062199895445
datasets/enwik/enwik8,gzip,8,100000000,36489817,36.489817,0.3530962549994001,0.2651544960008323
AVERAGE,gzip,8,100000000.0,36489817.0,36.489817,0.3530962549994001,0.2651544960008323
datasets/enwik/enwik8,gzip,9,100000000,36489593,36.489593,0.3487144190003164,0.2672139270016487
AVERAGE,gzip,9,100000000.0,36489593.0,36.489593,0.3487144190003164,0.2672139270016487
datasets/enwik/enwik8,bzip2,1,100000000,33262105,33.262105,0.46689210399927106,0.19797357199968246
AVERAGE,bzip2,1,100000000.0,33262105.0,33.262105,0.46689210399927106,0.19797357199968246
datasets/enwik/enwik8,bzip2,2,100000000,31897629,31.897629,0.46896006099996157,0.2103174459989532
AVERAGE,bzip2,2,100000000.0,31897629.0,31.897629,0.46896006099996157,0.2103174459989532
datasets/enwik/enwik8,bzip2,3,100000000,30925062,30.925061999999997,0.5542783090004377,0.27345498999966367
AVERAGE,bzip2,3,100000000.0,30925062.0,30.925061999999997,0.5542783090004377,0.27345498999966367
datasets/enwik/enwik8,bzip2,4,100000000,30717817,30.717816999999997,0.49236781200124824,0.2101744970004802
AVERAGE,bzip2,4,100000000.0,30717817.0,30.717816999999997,0.49236781200124824,0.2101744970004802
datasets/enwik/enwik8,bzip2,5,100000000,30170188,30.170187999999996,0.4879406710006151,0.23160294800072734
AVERAGE,bzip2,5,100000000.0,30170188.0,30.170187999999996,0.4879406710006151,0.23160294800072734
datasets/enwik/enwik8,bzip2,6,100000000,30097532,30.097531999999998,0.5279061359997286,0.28929164900000615
AVERAGE,bzip2,6,100000000.0,30097532.0,30.097531999999998,0.5279061359997286,0.28929164900000615
datasets/enwik/enwik8,bzip2,7,100000000,29936528,29.936528000000003,0.5485852580004575,0.35323370399964915
AVERAGE,bzip2,7,100000000.0,29936528.0,29.936528000000003,0.5485852580004575,0.35323370399964915
datasets/enwik/enwik8,bzip2,8,100000000,29653992,29.653992000000002,0.616260159000376,0.4363713530001405
AVERAGE,bzip2,8,100000000.0,29653992.0,29.653992000000002,0.616260159000376,0.4363713530001405
datasets/enwik/enwik8,bzip2,9,100000000,29014637,29.014637,0.6136010620011803,0.4978602769988356
AVERAGE,bzip2,9,100000000.0,29014637.0,29.014637,0.6136010620011803,0.4978602769988356
datasets/enwik/enwik8,bzip3,1,100000000,26510248,26.510247999999997,1.0921714979995159,0.9234979829998338
AVERAGE,bzip3,1,100000000.0,26510248.0,26.510247999999997,1.0921714979995159,0.9234979829998338
datasets/enwik/enwik8,bzip3,2,100000000,25403794,25.403794,1.4383166059997166,1.0437688929996511
AVERAGE,bzip3,2,100000000.0,25403794.0,25.403794,1.4383166059997166,1.0437688929996511
datasets/enwik/enwik8,bzip3,4,100000000,24413891,24.413891,1.5084640870009025,1.2056905350000306
AVERAGE,bzip3,4,100000000.0,24413891.0,24.413891,1.5084640870009025,1.2056905350000306
datasets/enwik/enwik8,bzip3,8,100000000,23517973,23.517973,1.7445354039991798,1.4514977540002292
AVERAGE,bzip3,8,100000000.0,23517973.0,23.517973,1.7445354039991798,1.4514977540002292
datasets/enwik/enwik8,bzip3,16,100000000,22677530,22.67753,2.403170047000458,2.270610267001757
AVERAGE,bzip3,16,100000000.0,22677530.0,22.67753,2.403170047000458,2.270610267001757
datasets/enwik/enwik8,bzip3,32,100000000,21916449,21.916449,4.313403723999727,4.5038168050014065
AVERAGE,bzip3,32,100000000.0,21916449.0,21.916449,4.313403723999727,4.5038168050014065
datasets/enwik/enwik8,bzip3,64,100000000,21418318,21.418318,8.047574640000676,10.56465855800161
AVERAGE,bzip3,64,100000000.0,21418318.0,21.418318,8.047574640000676,10.56465855800161
datasets/enwik/enwik8,bzip3,128,100000000,20749611,20.749611,14.585849742999926,13.717951229999017
AVERAGE,bzip3,128,100000000.0,20749611.0,20.749611,14.585849742999926,13.717951229999017
datasets/enwik/enwik8,zstd,1,100000000,40675947,40.675947,0.10322915500000818,0.07860621100007847
AVERAGE,zstd,1,100000000.0,40675947.0,40.675947,0.10322915500000818,0.07860621100007847
datasets/enwik/enwik8,zstd,2,100000000,37372186,37.372186,0.07562990599944897,0.0917489259991271
AVERAGE,zstd,2,100000000.0,37372186.0,37.372186,0.07562990599944897,0.0917489259991271
datasets/enwik/enwik8,zstd,3,100000000,35445335,35.445335,0.12312405299962847,0.09988877800060436
AVERAGE,zstd,3,100000000.0,35445335.0,35.445335,0.12312405299962847,0.09988877800060436
datasets/enwik/enwik8,zstd,4,100000000,34762517,34.762516999999995,0.22454310600005556,0.10379492900028708
AVERAGE,zstd,4,100000000.0,34762517.0,34.762516999999995,0.22454310600005556,0.10379492900028708
datasets/enwik/enwik8,zstd,5,100000000,33744231,33.744231,0.2390803739999683,0.09951286000068649
AVERAGE,zstd,5,100000000.0,33744231.0,33.744231,0.2390803739999683,0.09951286000068649
datasets/enwik/enwik8,zstd,6,100000000,32669481,32.669481,0.27349041500019666,0.09315498899923114
AVERAGE,zstd,6,100000000.0,32669481.0,32.669481,0.27349041500019666,0.09315498899923114
datasets/enwik/enwik8,zstd,7,100000000,32074672,32.074672,0.3777277859990136,0.09875101800025732
AVERAGE,zstd,7,100000000.0,32074672.0,32.074672,0.3777277859990136,0.09875101800025732
datasets/enwik/enwik8,zstd,8,100000000,31654021,31.654021,0.4357798000000912,0.09145510300004389
AVERAGE,zstd,8,100000000.0,31654021.0,31.654021,0.4357798000000912,0.09145510300004389
datasets/enwik/enwik8,zstd,9,100000000,31129515,31.129515,0.6034908069996163,0.09660670799894433
AVERAGE,zstd,9,100000000.0,31129515.0,31.129515,0.6034908069996163,0.09660670799894433
datasets/enwik/enwik8,zstd,10,100000000,30697512,30.697512,0.90070095900046,0.10021755500019935
AVERAGE,zstd,10,100000000.0,30697512.0,30.697512,0.90070095900046,0.10021755500019935
datasets/enwik/enwik8,zstd,11,100000000,30491656,30.491656,1.5310956390003412,0.10355663100017409
AVERAGE,zstd,11,100000000.0,30491656.0,30.491656,1.5310956390003412,0.10355663100017409
datasets/enwik/enwik8,zstd,12,100000000,30418850,30.41885,1.7285841689990775,0.11248646700005338
AVERAGE,zstd,12,100000000.0,30418850.0,30.41885,1.7285841689990775,0.11248646700005338
datasets/enwik/enwik8,zstd,13,100000000,30033243,30.033243,3.843822263999755,0.10216387299988128
AVERAGE,zstd,13,100000000.0,30033243.0,30.033243,3.843822263999755,0.10216387299988128
datasets/enwik/enwik8,zstd,14,100000000,29862780,29.86278,4.548921690000498,0.10219915000016044
AVERAGE,zstd,14,100000000.0,29862780.0,29.86278,4.548921690000498,0.10219915000016044
datasets/enwik/enwik8,zstd,15,100000000,29544530,29.54453,6.312487104998581,0.10236339900075109
AVERAGE,zstd,15,100000000.0,29544530.0,29.54453,6.312487104998581,0.10236339900075109
datasets/enwik/enwik8,zstd,16,100000000,28467173,28.467173000000003,6.361264895998829,0.11004745199898025
AVERAGE,zstd,16,100000000.0,28467173.0,28.467173000000003,6.361264895998829,0.11004745199898025
datasets/enwik/enwik8,zstd,17,100000000,27709040,27.70904,16.631156584000564,0.11620654000034847
AVERAGE,zstd,17,100000000.0,27709040.0,27.70904,16.631156584000564,0.11620654000034847
datasets/enwik/enwik8,zstd,18,100000000,27333983,27.333983,19.604385284001182,0.12050509999971837
AVERAGE,zstd,18,100000000.0,27333983.0,27.333983,19.604385284001182,0.12050509999971837
datasets/enwik/enwik8,zstd,19,100000000,26944227,26.944226999999998,23.945346459000575,0.146872635001273
AVERAGE,zstd,19,100000000.0,26944227.0,26.944226999999998,23.945346459000575,0.146872635001273
datasets/enwik/enwik8,zstd,20,100000000,25953970,25.953969999999998,70.21552077399974,0.147454108000602
AVERAGE,zstd,20,100000000.0,25953970.0,25.953969999999998,70.21552077399974,0.147454108000602
datasets/enwik/enwik8,zstd,21,100000000,25486727,25.486727,74.17036698500124,0.17550044900053763
AVERAGE,zstd,21,100000000.0,25486727.0,25.486727,74.17036698500124,0.17550044900053763
datasets/enwik/enwik8,zstd,22,100000000,25272471,25.272471000000003,86.81623536499865,0.18640416400012327
AVERAGE,zstd,22,100000000.0,25272471.0,25.272471000000003,86.81623536499865,0.18640416400012327
datasets/enwik/enwik8,brotli,0,100000000,41951501,41.951501,0.3504592490007781,0.31592289800028084
AVERAGE,brotli,0,100000000.0,41951501.0,41.951501,0.3504592490007781,0.31592289800028084
datasets/enwik/enwik8,brotli,1,100000000,39601458,39.601458,0.41129121799895074,0.3006577939995623
AVERAGE,brotli,1,100000000.0,39601458.0,39.601458,0.41129121799895074,0.3006577939995623
datasets/enwik/enwik8,brotli,2,100000000,36948512,36.948512,0.8372071020000007,0.24438784500000565
AVERAGE,brotli,2,100000000.0,36948512.0,36.948512,0.8372071020000007,0.24438784500000565
datasets/enwik/enwik8,brotli,3,100000000,36692210,36.692209999999996,0.8154170590000049,0.22935160800000176
AVERAGE,brotli,3,100000000.0,36692210.0,36.692209999999996,0.8154170590000049,0.22935160800000176
datasets/enwik/enwik8,brotli,4,100000000,33426985,33.426984999999995,1.5660671460000017,0.2281606399999987
AVERAGE,brotli,4,100000000.0,33426985.0,33.426984999999995,1.5660671460000017,0.2281606399999987
datasets/enwik/enwik8,brotli,5,100000000,31772726,31.772726000000002,2.6275546970000008,0.23281419200000641
AVERAGE,brotli,5,100000000.0,31772726.0,31.772726000000002,2.6275546970000008,0.23281419200000641
datasets/enwik/enwik8,brotli,6,100000000,30969374,30.969374,3.4272977850000004,0.21934709700000354
AVERAGE,brotli,6,100000000.0,30969374.0,30.969374,3.4272977850000004,0.21934709700000354
datasets/enwik/enwik8,brotli,7,100000000,30198759,30.198758999999995,5.825150413999999,0.22315625499999925
AVERAGE,brotli,7,100000000.0,30198759.0,30.198758999999995,5.825150413999999,0.22315625499999925
datasets/enwik/enwik8,brotli,8,100000000,29507343,29.507343000000002,11.209460364000009,0.22362407800000028
AVERAGE,brotli,8,100000000.0,29507343.0,29.507343000000002,11.209460364000009,0.22362407800000028
datasets/enwik/enwik8,brotli,9,100000000,28887786,28.887786,25.309008622999997,0.324011664000011
AVERAGE,brotli,9,100000000.0,28887786.0,28.887786,25.309008622999997,0.324011664000011
datasets/enwik/enwik8,brotli,10,100000000,26232030,26.23203,86.04124548600001,0.3345386170000211
AVERAGE,brotli,10,100000000.0,26232030.0,26.23203,86.04124548600001,0.3345386170000211
datasets/enwik/enwik8,brotli,11,100000000,25742001,25.742001,149.036410178,0.26153448799999524
AVERAGE,brotli,11,100000000.0,25742001.0,25.742001,149.036410178,0.26153448799999524
datasets/enwik/enwik8,xz,0,100000000,37004276,37.004276000000004,0.40580138600000737,0.09417819399999416
AVERAGE,xz,0,100000000.0,37004276.0,37.004276000000004,0.40580138600000737,0.09417819399999416
datasets/enwik/enwik8,xz,1,100000000,33496276,33.496276,0.8094053180000174,0.0975554030000012
AVERAGE,xz,1,100000000.0,33496276.0,33.496276,0.8094053180000174,0.0975554030000012
datasets/enwik/enwik8,xz,2,100000000,32198828,32.198828,1.9428006809999943,0.10884148799999593
AVERAGE,xz,2,100000000.0,32198828.0,32.198828,1.9428006809999943,0.10884148799999593
datasets/enwik/enwik8,xz,3,100000000,31406040,31.40604,5.416372250999984,0.13498064500004148
AVERAGE,xz,3,100000000.0,31406040.0,31.40604,5.416372250999984,0.13498064500004148
datasets/enwik/enwik8,xz,4,100000000,28232696,28.232696,5.809238952999976,0.13324227200001815
AVERAGE,xz,4,100000000.0,28232696.0,28.232696,5.809238952999976,0.13324227200001815
datasets/enwik/enwik8,xz,5,100000000,26805108,26.805108,12.783054128000003,0.20713146899998947
AVERAGE,xz,5,100000000.0,26805108.0,26.805108,12.783054128000003,0.20713146899998947
datasets/enwik/enwik8,xz,6,100000000,26665156,26.665156,13.14977249499998,0.21069883900003106
AVERAGE,xz,6,100000000.0,26665156.0,26.665156,13.14977249499998,0.21069883900003106
datasets/enwik/enwik8,xz,7,100000000,25923264,25.923264000000003,27.330655592000028,0.35846663300003456
AVERAGE,xz,7,100000000.0,25923264.0,25.923264000000003,27.330655592000028,0.35846663300003456
datasets/enwik/enwik8,xz,8,100000000,25213824,25.213824000000002,56.49150587899999,0.6465040250000129
AVERAGE,xz,8,100000000.0,25213824.0,25.213824000000002,56.49150587899999,0.6465040250000129
datasets/enwik/enwik8,xz,9,100000000,24865252,24.865251999999998,60.987288577000015,0.6931924130000198
AVERAGE,xz,9,100000000.0,24865252.0,24.865251999999998,60.987288577000015,0.6931924130000198
datasets/enwik/enwik8,7z,1,100000000,33406857,33.406857,0.6255580609999924,0.09644640299995899
AVERAGE,7z,1,100000000.0,33406857.0,33.406857,0.6255580609999924,0.09644640299995899
datasets/enwik/enwik8,7z,3,100000000,31329473,31.329473000000004,2.4651359619999766,0.18498412500002814
AVERAGE,7z,3,100000000.0,31329473.0,31.329473000000004,2.4651359619999766,0.18498412500002814
datasets/enwik/enwik8,7z,5,100000000,25399268,25.399268000000003,42.39349503099993,0.6955896759999405
AVERAGE,7z,5,100000000.0,25399268.0,25.399268000000003,42.39349503099993,0.6955896759999405
datasets/enwik/enwik8,7z,7,100000000,24799487,24.799487,49.869257188000006,0.7122230539999919
AVERAGE,7z,7,100000000.0,24799487.0,24.799487,49.869257188000006,0.7122230539999919
datasets/enwik/enwik8,7z,9,100000000,24799487,24.799487,46.19796100499991,0.7150150850000045
AVERAGE,7z,9,100000000.0,24799487.0,24.799487,46.19796100499991,0.7150150850000045
datasets/enwik/enwik8,lz4,1,100000000,57285984,57.285984,0.07841520600004515,0.059966461999920284
AVERAGE,lz4,1,100000000.0,57285984.0,57.285984,0.07841520600004515,0.059966461999920284
datasets/enwik/enwik8,lz4,2,100000000,48732519,48.732519,0.08531191899999158,0.06063246500002606
AVERAGE,lz4,2,100000000.0,48732519.0,48.732519,0.08531191899999158,0.06063246500002606
datasets/enwik/enwik8,lz4,3,100000000,43893379,43.893378999999996,0.14497699399998965,0.06575815700000476
AVERAGE,lz4,3,100000000.0,43893379.0,43.893378999999996,0.14497699399998965,0.06575815700000476
datasets/enwik/enwik8,lz4,4,100000000,43035377,43.035377000000004,0.15941492400008883,0.05970617299999503
AVERAGE,lz4,4,100000000.0,43035377.0,43.035377000000004,0.15941492400008883,0.05970617299999503
datasets/enwik/enwik8,lz4,5,100000000,42600163,42.600163,0.20003034500007288,0.061879600999986906
AVERAGE,lz4,5,100000000.0,42600163.0,42.600163,0.20003034500007288,0.061879600999986906
datasets/enwik/enwik8,lz4,6,100000000,42405978,42.405978,0.22978223999996317,0.06047888599994167
AVERAGE,lz4,6,100000000.0,42405978.0,42.405978,0.22978223999996317,0.06047888599994167
datasets/enwik/enwik8,lz4,7,100000000,42325939,42.325939,0.2564769849999493,0.05824137100000826
AVERAGE,lz4,7,100000000.0,42325939.0,42.325939,0.2564769849999493,0.05824137100000826
datasets/enwik/enwik8,lz4,8,100000000,42293044,42.293044,0.27106639999999516,0.06656073300007392
AVERAGE,lz4,8,100000000.0,42293044.0,42.293044,0.27106639999999516,0.06656073300007392
datasets/enwik/enwik8,lz4,9,100000000,42276858,42.276858,0.2851211859999694,0.06013509199999589
AVERAGE,lz4,9,100000000.0,42276858.0,42.276858,0.2851211859999694,0.06013509199999589
datasets/enwik/enwik8,lz4,10,100000000,42052249,42.052249,0.4018771219999735,0.060927061000029425
AVERAGE,lz4,10,100000000.0,42052249.0,42.052249,0.4018771219999735,0.060927061000029425
datasets/enwik/enwik8,lz4,11,100000000,41990384,41.990384,0.4603796239999838,0.06096109500003877
AVERAGE,lz4,11,100000000.0,41990384.0,41.990384,0.4603796239999838,0.06096109500003877
datasets/enwik/enwik8,lz4,12,100000000,41987997,41.987997,0.5296633269999802,0.061212898000007954
AVERAGE,lz4,12,100000000.0,41987997.0,41.987997,0.5296633269999802,0.061212898000007954
datasets/enwik/enwik8,lzma,1,100000000,34535483,34.535483,3.225291081000023,1.029352077999988
AVERAGE,lzma,1,100000000.0,34535483.0,34.535483,3.225291081000023,1.029352077999988
datasets/enwik/enwik8,lzma,2,100000000,32268877,32.268877,5.130160896999996,0.9022566410000081
AVERAGE,lzma,2,100000000.0,32268877.0,32.268877,5.130160896999996,0.9022566410000081
datasets/enwik/enwik8,lzma,3,100000000,29417253,29.417253,8.251787376000038,0.8417244419999861
AVERAGE,lzma,3,100000000.0,29417253.0,29.417253,8.251787376000038,0.8417244419999861
datasets/enwik/enwik8,lzma,4,100000000,28573076,28.573075999999997,9.594249461000004,0.8331380889999309
AVERAGE,lzma,4,100000000.0,28573076.0,28.573075999999997,9.594249461000004,0.8331380889999309
datasets/enwik/enwik8,lzma,5,100000000,27775108,27.775108,15.134339880000084,0.7823687360000804
AVERAGE,lzma,5,100000000.0,27775108.0,27.775108,15.134339880000084,0.7823687360000804
datasets/enwik/enwik8,lzma,6,100000000,27043579,27.043579,23.775878587999955,0.745601019999981
AVERAGE,lzma,6,100000000.0,27043579.0,27.043579,23.775878587999955,0.745601019999981
datasets/enwik/enwik8,lzma,7,100000000,26352790,26.35279,29.899960391000036,0.7529456739999887
AVERAGE,lzma,7,100000000.0,26352790.0,26.35279,29.899960391000036,0.7529456739999887
datasets/enwik/enwik8,lzma,8,100000000,25701036,25.701036,37.57634287099995,0.7481756360000418
AVERAGE,lzma,8,100000000.0,25701036.0,25.701036,37.57634287099995,0.7481756360000418
datasets/enwik/enwik8,lzma,9,100000000,25171797,25.171797,43.61737631599999,0.8038914909999448
AVERAGE,lzma,9,100000000.0,25171797.0,25.171797,43.61737631599999,0.8038914909999448
datasets/enwik/enwik8,misa77,1,100000000,54696190,54.69619,0.3519636929995613,0.08941906100062624
AVERAGE,misa77,1,100000000.0,54696190.0,54.69619,0.3519636929995613,0.08941906100062624
